Id	Domanda	PercorsoFormativo	Origine	RispostaCorretta	Risposta0	Risposta1	Risposta2	Risposta3
1	La società in accomandita semplice:	ECO	EXAM	Risposta0	È una società di persone con due tipi di soci: accomandatari (amministratori e illimitatamente responsabili) e accomandanti (estranei all'amministrazione e limitatamente responsabili)	È una società di capitali con due tipi di soci: accomandatari (amministratori e limitatamente responsabili) e accomandanti (estranei all'amministrazione e illimitatamente responsabili)	È una società di persone con due tipi di soci: accomandatari (estranei all'amministrazione e limitatamente responsabili) e accomandanti (amministratori e illimitatamente responsabili)	È una società di capitali con due tipi di soci: accomandatari (amministratori e illimitatamente responsabili) e accomandanti (estranei all'amministrazione e illimitatamente responsabili)
2	Cos'è lo Stato Patrimoniale?	ECO	EXAM	Risposta0	Un prospetto che fotografa la situazione di ricchezza dell’azienda alla fine di un certo esercizio	Un prospetto che ricapitola l'andamento dei flussi finanziari nell'arco di un esercizio	Un prospetto che serve a stabilire a chi compete l’utile generato nell’esercizio	Un prospetto che raccoglie e ordina i costi e ricavi di un certo esercizio
3	Il consorzio:	ECO	EXAM	Risposta0	È un accordo tra due o più imprenditori che istituiscono un’organizzazione comune per la disciplina o per lo svolgimento di determinate fasi delle rispettive imprese.	È un'organizzazione stabile, mediante la quale più persone volontarie si riuniscono e si accordano tra loro per perseguire scopi comuni di carattere sociale	Promuove l'integrazione sociale attraverso la gestione di servizi sociosanitari ed educativi e lo svolgimento di attività finalizzate all'inserimento lavorativo di persone svantaggiate	"Può essere ""di solidarietà sociale"" (gestisce servizi socio-sanitari/educativi) o ""di produzione e lavoro"" (svolge attività finalizzate all’inserimento lavorativo di persone svantaggiate)"
4	Cos'è il Conto Economico?	ECO	EXAM	Risposta0	Un prospetto che raccoglie e ordina i costi e ricavi di un certo esercizio	Un prospetto che serve a stabilire a chi compete l’utile generato nell’esercizio	Un prospetto che fotografa la situazione di ricchezza dell’azienda alla fine di un certo esercizio	Un prospetto che ricapitola l'andamento dei flussi finanziari nell'arco di un esercizio
5	Cosa è un settore e come lo si individua?	ECO	EXAM	Risposta0	Una porzione di mercato individuata dalla omogeneità dei clienti, delle funzioni d’uso dei prodotti e della tecnologia	Una porzione di mercato definita da una medesima tecnologia	Una porzione di mercato individuata da poche imprese che operano in regime di oligopolio	Una porzione di mercato individuata dalla omogeneità dei prodotti offerti
6	Come si caratterizza un monopolio?	ECO	EXAM	Risposta0	È una forma di mercato in cui una sola impresa definisce l’intera offerta	È una forma di mercato in cui la concorrenza è limitata dall’esistenza di un Cartello	Le imprese subiscono il prezzo imposto dal mercato	È una forma di mercato in cui la legge regolamenta l’offerta di prodotti e servizi
7	La struttura organizzativa di un'impresa?	ECO	EXAM	Risposta0	Deve assicurare coordinamento, comunicazione efficace e integrazione tra le diverse componenti dell'impresa	Serve a gestire più efficacemente progetti e investimenti	È riflessa nella catena del valore dell'impresa	È riflessa nella struttura dello Stato patrimoniale
8	Il sistema economico:	ECO	EXAM	Risposta0	È definibile come l’insieme delle relazioni di scambio tra attori che compiono scelte autonome nella destinazione di risorse	Definisce un mercato in cui domanda e offerta non subiscono restrizioni artificiose	È il libero mercato	Coincide con l'insieme delle imprese, che sono deputate alla produzione di beni e servizi economici
9	Da chi è rappresentato l'insieme degli stakeholders di un'impresa?	ECO	EXAM	Risposta0	Da coloro che influenzano direttamente o possono influenzare le decisioni prese dall'impresa	Da coloro che acquistano e vendono azioni in Borsa	Da coloro che portano capitale di rischio e quindi sono interessati al buon funzionamento dell'impresa	Dai portatori di interesse dal cui contributo dipende il funzionamento e la sopravvivenza dell’impresa
10	Le attività di supporto di un'impresa sono:	ECO	EXAM	Risposta0	Approvvigionamento, sviluppo della tecnologia (R&D), gestione delle risorse umane (HR), attività infrastrutturali	Approvvigionamento, attività operative (operations), sviluppo della tecnologia (R&D), gestione delle risorse umane (HR), attività infrastrutturali	Logistica in entrata, gestione delle risorse umane (HR), logistica in uscita, marketing e vendite, servizio	Logistica in entrata, attività operative (operations), logistica in uscita, marketing e vendite, servizio
11	Le interazioni tra investimento e impresa	ECO	EXAM	Risposta0	Possono essere di natura finanziaria (investimenti scorrelati con l’attività dell’impresa) e/o di natura “reale” (investimenti che incidono sull’attività dell’impresa)	Individuano una porzione di mercato definita da una medesima tecnologia	Riportano il valore degli investimenti al momento iniziale	"Possono essere di natura ""reale"" (investimenti scorrelati con l’attività dell’impresa) e/o di natura finanziaria (investimenti che incidono sull’attività dell’impresa)"
12	Le macrofasi in cui è possibile suddividere un progetto sono:	ECO	EXAM	Risposta0	Disegno concettuale, Definizione, Pianificazione, Sequenziamento, Esecuzione, Terminazione	Individuazione di esigenze, Verifica di fattibilità, Analisi economica, Valutazione dei rischi	Obiettivo, risorse, project management	Reporting, Monitoraggio e Controllo, Modifica di specifiche, Controllo di qualità
13	A cosa serve la distinzione fra costi fissi e costi variabili?	ECO	EXAM	Risposta0	A stabilire il numero di pezzi minimo da vendere per un prezzo dato	A stabilire il ricarico massimo applicabile	A stabilire come imputare i costi indiretti	A stabilire l’opportuno prezzo di vendita
14	L'analisi dei costi è utile:	ECO	EXAM	Risposta0	Per determinare l'esatto costo di produzione, e quindi definire il prezzo di vendita di un prodotto	Solo quando l'azienda produce molti prodotti diversi	Per stabilire il numero minimo di pezzi da vendere per un prodotto	Per determinare quanto i costi indiretti pesino sul costo medio variabile
15	Nell’analisi della catena del valore:	ECO	EXAM	Risposta0	Localizzazione, learning e spillover possono costituire driver di unicità	Si generano anche alternative strategiche	Il premium price deriva da una corretta gestione dei driver di costo	La struttura di utilizzo della capacità produttiva nel tempo rappresenta un’economia di scala
16	Il payback period:	ECO	EXAM	Risposta0	Non dà informazioni sulla redditività dei progetti, ma sulla loro rischiosità in termini temporali	Consente di valutare il valore attuale di un investimento	Fornisce informazioni sulla redditività dei progetti nel tempo	Può dare informazioni sulla redditività dei progetti a lungo termine
17	Per valutare adeguatamente una proposta d'investimento	ECO	EXAM	Risposta0	È sempre opportuno scegliere il progetto che offre il rapporto più equilibrato tra opportunità e rischi	Il migliore indicatore è sempre rappresentato dal Tempo di pay-back	È sempre necessario calcolare l'IRR	È sempre sufficiente applicare il criterio del VAN (o NPV)
18	Il tasso di attualizzazione (o tasso di sconto o di interesse):	ECO	EXAM	Risposta0	Serve a riportare il valore degli investimenti al momento iniziale	Sposta tutti gli investimenti a un dato momento futuro	È il tasso attualmente praticato sul mercato per gli investimenti a rischio zero	È il tasso con cui vanno confrontati gli investimenti per verificarne la redditività
19	Il primo computer programmabile è stato costruito da:	SOC	EXAM	Risposta0	Charles Babbage (1834)	Archimede	Avogadro	Enrico Fermi
20	"La prima pubblicazione che parla di Etica in ambito Informatico, ""Rules of Ethics in Information Processing"", è del:"	ETH	EXAM	Risposta0	1968	1990	1901	1970
21	La Computer Ethics arriva in Europa con il Centre for Computing and Social Responsibility della De Monfort University, UK, nel:	ETH	EXAM	Risposta0	1995	2009	1969	1956
22	Etica è:	ETH	EXAM	Risposta0	Il ramo della Filosofia che studia i fondamenti razionali ed oggettivi del pensiero, delle azioni e delle scelte, permette di elaborare delle regole di comportamento e delle linee guida per le scelte che dobbiamo affrontare	Lo studio della crosta terrestre	Lo studio delle religioni antiche	Lo studio dell'estetica al computer
23	"Perché nel 1985 lo scienziato dei computer David Parnas si dimette dal comitato governativo USA per il progetto ""Star Wars"" (Scudo Spaziale)?"	ETH	EXAM	Risposta0	Per lanciare un segnale di responsabilità proveniente dalla comunità scientifica informatica e per denunciare i rischi dell'applicazione dei computer in uno scenario di guerra	Per aiutare i militari nello sviluppo della guerra batteriologica	"Per aiutare i militari nello sviluppo della ""cyber-war"""	Per lanciare una nuova linea di computer
24	Hacker significa:	ETH	EXAM	Risposta0	Persona particolarmente esperta a programmare o a risolvere i problemi con i computer	Criminale informatico	Persona di alta statura	Persona di bassa statura
25	Le tre leggi morali della Società dell'Informazione sono state introdotte da:	ETH	EXAM	Risposta0	Joseph Weizenbaum, del MIT, nel 1976	John Von Neumann, della Princeton University, nel 1932	Claude Shannon, dei Bell Labs, nel 1943	Alan Turing, della Cambridge University, nel 1937
26	Come si possono migliorare le applicazioni informatiche nel luogo di lavoro?	ETH	EXAM	Risposta0	Coinvolgendo i lavoratori e gli utenti finali nella progettazione dei nuovi sistemi	Programmando in linguaggio C++	Usando chip a 32 bit	Usando un hardware dedicato
27	Lo storico della scienza e tecnologia M. Kranzberg formulò la frase:	ETH	EXAM	Risposta0	La tecnologia non è né buona, né cattiva, ma non è nemmeno neutra	La tecnologia è buona	La tecnologia è cattiva	La tecnologia non è né buona, né cattiva, è neutra
28	Il primo computer acquistabile sul mercato è stato:	ETH	EXAM	Risposta0	UNIVAC I, della Remongton Rand, nel 1951	MacIntosh, della Apple, nel 1984	M24, della Olivetti, nel 1983	PC IBM, della IBM, nel 1981
29	Quale dilemma etico ci pongono i computer rispetto all'ambiente?	ETH	EXAM	Risposta0	Come possiamo evitare o minimizzare i rischi ambientali e l'impatto dei cicli di produzione dell'hardware?	Come possiamo avere dispositivi di output molto veloci?	Quali dispositivi di input ci permettono di andare più veloci?	Come possiamo programmare in linguaggi ad alto livello?
30	"In cosa consiste per De George, il ""Danger of the Hidden Substructure""?"	ETH	EXAM	Risposta0	Il rischio di ignorare l'impatto dei computer nella società legato al fatto che gran parte dello sviluppo dei computer avviene lontano dalla sfera pubblica	Il rischio di usare i computer per il gioco d'azzardo	Il rischio di usare il computer per sviluppare affari in modo illecito	Il rischio di avere dei danni alla carriera a seguito dell'uso dei computer
31	"Dove nasce il ""Participatory Design"" in informatica?"	SOC	EXAM	Risposta0	"Il ""Participatory Design"" in ambito informatico nasce in Scandinavia negli anni '70 quando gli utenti delle applicazioni software nei luoghi di lavoro vengono coinvolti nella progettazione"	In Inghilterra nel 1937	In USA nel 1945	Negli anni '30 in Unione Sovietica
32	Una metodologia per affrontare le questioni etiche dell'ICT può partire dalla domanda:	ETH	EXAM	Risposta0	C'è qualcosa che potrebbe essere giusto o sbagliato in un progetto di informatica?	Quale software dobbiamo acquistare?	Quale linguaggio di programmazione usare?	Quale hardware dobbiamo acquistare?
33	"Quali sono i passi della metodologia ""Stakeholders' Network"" (SN)?"	ECO	EXAM	Risposta0	1. Descrizione dello scenario, 2. Disegno della SN, 3. Le questioni etiche, 4. Scenari alternativi	1. Programmare in linguaggio ad alto livello  2. Trovare i bachi  3. Verificare i problemi di sicurezza della Network	1. Disegnare il flow-chart 2. Tradurlo in linguaggio macchina	1. Programmare in linguaggio macchina 2. Testare il programma 3. Distribuire il programma in codice binario
34	"Perché abbiamo bisogno di una ""Computer Ethics"" secondo Gotterbarn?"	ETH	EXAM	Risposta0	Perché i computer hanno avuto uno sviluppo rapidissimo ma ad esso non ha corrisposto un analogo sviluppo del concetto di responsabilità per i professionisti dell'informatica. L'informatica non verrà mai riconosciuta come professione se non espande il suo senso di responsabilità	Perché i programmatori meritano di essere pagati bene	Perché i professionisti dell'informatica hanno bisogno di salari elevati	Perché i professionisti dell'informatica non hanno bisogno di salari elevati
35	"l ""dilemma di Collingridge"" dice che:"	ETH	EXAM	Risposta0	Le questioni etiche dovrebbero essere affrontate presto durante la progettazione e lo sviluppo delle tecnologie ma nel suo stadio iniziale lo sviluppo di una tecnologia è difficile da predire	Le questioni etiche dovrebbero essere affrontate alla fine della progettazione	Le questioni etiche dovrebbero essere affrontate durante il tempo libero	Le questioni etiche dovrebbero essere affrontate da persone esperte in estetica
36	Perché Deborah Johnson consiglia di rifiutare i computer come puri oggetti materiali?	ETH	EXAM	Risposta0	Perché qualsiasi artefatto (incluso il computer) non ha un significato, un senso, una utilità fino a che non viene incorporato in una pratica sociale, in una attività reale	Perché i computer vanno programmati con linguaggi macchina (assembler, binario, etc.)	Perché i computer non sono progettati da gente comune	Perché i computer sono oggetti immateriali
37	"Perché Deborah Johnson consiglia di rifiutare il ""determinismo tecnologico""?"	ETH	EXAM	Risposta0	Perché fattori sociali (scelte politiche, Investimenti, etc.) indirizzano gli scienziati e I tecnologi in certe direzioni ed influenzano la progettazione dei sistemi	Perché la tecnologia si evolve solo perché abbiamo dei colpi di genio	Perché la tecnologia è indipendente dalla società	Perché la tecnologia non rispetta le persone
38	Cosa propone il Codice Etico della Association for Computing Machinery (ACM)?	ETH	EXAM	Risposta0	Oltre a generici principi morali, vengono definite delle responsabilità specifiche per la comunità degli informatici: mantenere le proprie competenze, conoscere gli aspetti legali dell'informatica, informare la società sui rischi e conseguenze dell'informatica, etc.	Tenere bassi i costi del software	Programmare con giudizio	Progettare i sistemi con discrezione
39	Cosa si intende per era post-Turing?	SOC	EXAM	Risposta0	La convergenza del Web 2.0 con il Web 3.0	L'era delle reti internazionali	L'era del software proprietario	L'era dell'hardware libero
40	Una fotografia rinvenibile in Internet può essere liberamente riutilizzata:	LEG	EXAM	Risposta0	Solo con il consenso dell'autore, o se è espressamente distribuita con una licenza tale da consentirne il riutilizzo	Se il browser consente di scaricarla senza alcun tipo di protezione	"Se non vi è la dicitura ""tutti i diritti riservati"" e, quindi, è da considerarsi di pubblico dominio"	Sempre purché non a scopi commerciali
41	Il progetto creative commons deve la sua paternità a:	LEG	EXAM	Risposta0	Lawrence Lessig	Bruce Perens	Tim Berners-Lee	Richard Stallman
42	I Digital Rights Management (DRM), sotto il profilo legale sono:	LEG	EXAM	Risposta0	Sistemi la cui legittimità deve essere valutata in ragione dei diritti che vengono inibiti all'utente	Sistemi sempre leciti perché espressamente previsti dalla legge sul diritto d'autore	Sistemi sempre illeciti perché in violazione della legge sul diritto d'autore	La legge non contempla la figura di questi nuovi sistemi di protezione
43	Un software distribuito con licenza freeware è:	LEG	EXAM	Risposta0	Un software distribuito a titolo gratuito	Un software distribuito congiuntamente al suo codice sorgente	Un software in relazione al quale è consentita per legge la duplicazione e la ridistribuzione	Un software distribuito a titolo gratuito e congiuntamente al suo codice sorgente
44	"In base al principio di ""unitarietà dei segni distintivi"" la registrazione di un nome di dominio:"	LEG	EXAM	Risposta0	Deve essere valutata a cura del richiedente in relazione alla possibile confondibilità del nome di dominio scelto con altri altri marchi, nomi di dominio, ed altri segni distintivi	Deve essere valutata a cura del richiedente in relazione alla possibile confondibilità del nome di dominio scelto con altri nomi di dominio	È subordinata alla verifica da parte dell'autorità competente per la registrazione dei domini circa la titolarità da parte del richiedente del medesimo marchio registrato	È riservata per legge al titolare del medesimo marchio registrato
45	La legge italiana quale durata prevede per il diritto d'autore:	LEG	EXAM	Risposta0	70 anni dalla morte dell'autore	50 anni dalla morte dell'autore	70 anni dalla data di pubblicazione dell'opera	50 anni dalla data di pubblicazione dell'opera
46	La normativa italiana in materia di diritto d'autore è:	LEG	EXAM	Risposta0	La Legge 633/41 (diritto d'autore)	La Legge 675/96 ( trattamento di dati personali )	Il decreto legislativo 196/03 (protezione dati personali)	Il decreto legislativo 30/2005(Codice della proprietà industriale)
47	La normativa italiana in materia di trattamento di dati personali è:	LEG	EXAM	Risposta0	La Legge 675/96	La Legge 633/41	Il decreto legislativo 30/2005	Il decreto legislativo 196/03
48	La normativa italiana vigente in materia di protezione dei dati personali è:	LEG	EXAM	Risposta0	Il decreto legislativo 196/03	La Direttiva 95/46/CE	La Legge 675/96	La Legge 633/41
49	"La normativa italiana in materia di proprietà industriale (c.d.""Codice della proprietà industriale""):"	LEG	EXAM	Risposta0	Il decreto legislativo 30/2005	La Legge 633/41	Il decreto legislativo 196/03	La Legge 675/96
50	Diffondere in Internet un vecchio film degli anni Settanta non più reperibile sui tradizionali circuiti di distribuzione è:	LEG	EXAM	Risposta0	Una condotta illecita	Una condotta lecita, purché si disponga almeno di una copia originale del film	Una condotta lecita	Una condotta lecita, purché il film venga distribuito gratuitamente
51	"Lo scambio di file (c.d. ""file sharing”) aventi ad oggetto opere protette dal diritto d’autore è:"	LEG	EXAM	Risposta0	Vietato e punito con sanzioni di natura civile e penale	Vietato solo se effettuato per fini di lucro	Consentito purché di modesta entità	Generalmente vietato ma consentito se effettuato per uso personale
52	Per esprimere validamente il proprio consenso al trattamento di dati personali:	LEG	EXAM	Risposta0	È sufficiente un click del mouse	È necessario sottoscrivere un documento cartaceo	È possibile sottoscrivere anche un modulo elettronico, ma è necessario utilizzare un sistema di firma digitale	Il consenso è richiesto solo per le ipotesi di trattamenti di dati sensibili
53	"Il codice segreto (o ""PIN"") di una carta di credito è:"	LEG	EXAM	Risposta0	Un dato personale	Un dato sensibile	Un dato anonimo	Un dato pubblico
54	Il fornitore di un servizio online accessibile al pubblico a quali responsabilità è sottoposto in relazione ai contenuti pubblicati dagli utenti:	LEG	EXAM	Risposta0	Non è sottoposto ad un obbligo generale di sorveglianza sui contenuti, ma piuttosto ad obblighi di collaborazione	Deve verificare che i contenuti non siano, in ogni caso, illeciti	Deve verificare che i contenuti non siano in violazione delle norme sul diritto d'autore	Deve verificare che i contenuti non siano diffamatori o in violazione della privacy
55	"Con l'espressione ""società dell'informazione"" si intende:"	SOC	EXAM	Risposta0	Una società nella quale l'informazione acquisisce valore prevalente rispetto ad altri beni	Una società nella quale l'informazione non è soggetta ad alcuna legge	Una società nella quale l'informazione viene controllata dagli organi di governo	Una società nella quale vi è un'ampia diffusione dell'istruzione
56	Nell'ordinamento giuridico statunitense quale disposizione di legge viene abitualmente invocata per tutelare la libertà di espressione negli ambienti digitali:	LEG	EXAM	Risposta0	Il Primo Emendamento	La Dichiarazione dei diritti dell'uomo	Il Quinto Emendamento	Il Bill of Rights
57	Il diritto alla libertà di manifestazione del pensiero tutela:	LEG	EXAM	Risposta0	Qualsiasi forma espressiva e strumento attraverso la quale la persona manifesta il proprio pensiero	La parola	Lo scritto, essenzialmente la stampa	La parola e lo scritto
58	Uno dei principi fondamentali contenuti nel Codice in materia di protezione dei dati personali è:	LEG	EXAM	Risposta0	"Il principio di ""necessità"""	"Il principio di ""protezione"""	"Il principio di ""tutela"""	"Il principio di ""ricorrenza"""
59	Nell'ordinamento giuridico italiano l'anonimato è:	LEG	EXAM	Risposta0	Un diritto riconosciuto in alcune specifiche ipotesi	Un diritto riconosciuto sempre e comunque a ciascun individuo	Una figura non contemplata da alcuna disposizione di legge	Una condizione non consentita in quanto contraria ad esigenze di pubblica sicurezza
60	"La normativa sulla privacy quali considera come valide ""credenziali di autenticazione"" ad un sistema informatico:"	LEG	EXAM	Risposta0	Tutte e tre le soluzioni considerate	Un dispositivo hardware quale, ad esempio, una smart card	Una coppia di codici, user ID e password, associati all'utente	Un dato biometrico
61	"Il ruolo dei ""computer professionals"""	ETH	EXAM	Risposta0	È aver bene chiaro quali siano gli impatti e le influenze delle tecnologie nella relazione cittadino-amministrazione	È quello di far funzionare i sistemi	È quello di supportare il mondo politico nella creazione di sistemi deliberativi	È quello di aiutare la popolazione a usare i computer
62	L'agorà greca era…	SOC	EXAM	Risposta0	Una democrazia diretta	Un'oligarchia	Una democrazia rappresentativa	Una demagogia
63	L'arcobaleno dei diritti della cittadinanza digitale…	SOC	EXAM	Risposta0	Specifica i livelli dei diritti del cittadino digitale	Misura la felicità dei cittadini digitali	Misura l'efficacia dell'amministrazione pubblica	Specifica i livelli di accesso ai dati delle P.A.
64	Livello 1 arcobaleno	SOC	EXAM	Risposta0	Diritto all’accesso al servizio universale (access)	Diritto a usufruire di servizi online, pubblici e privati (e-services)	Diritto a informare (inform: content provided by users)	Diritto ad essere ascoltati e consultati (consultation)
65	Livello 2 arcobaleno	SOC	EXAM	Risposta0	Diritto ad un'educazione consapevole (education)	Diritto al coinvolgimento attivo nelle scelte e nelle politiche (active participation)	Diritto alla trasparenza (essere informati transparency)	Diritto a informare (inform: content provided by users)
66	Livello 4 arcobaleno	SOC	EXAM	Risposta0	Diritto alla trasparenza (essere informati transparency)	Diritto all’accesso alla rete (the net)	Diritto al coinvolgimento attivo nelle scelte e nelle politiche (active participation)	Diritto ad una educazione consapevole (education)
67	Il diritto all'oblio…	LEG	EXAM	Risposta0	Fornisce il diritto di far cancellare certe informazioni	È equivalente al diritto di privacy	Fornisce la possibilità di dimenticare le informazioni	È il contrario del copyright
68	Il Principio di Locard afferma…	SOC	EXAM	Risposta0	Ogni interazione con un ambiente provoca uno scambio	Ogni interazione con un ambiente è voluta	Le tracce che lasciamo sono sempre evidenti	Che le tracce sono disponibili all'infinito
69	"Col termine ""webstacles"" si indica…"	SOC	EXAM	Risposta0	Un insieme di tecniche per rendere difficile l'accesso ai dati su web	Un insieme di tecniche per rendere incompatibile un sito con un particolare browser	La misura della difficoltà di raggiungibilità di un sito tramite motori di ricerca	La misura della accessibilità dei siti da parte dei diversamente abili.
70	"La ""civic accountability""..."	SOC	EXAM	Risposta0	È la possibilità di sapere e valutare l'efficienza della amministrazione pubblica	È la possibilità di sapere nel dettaglio cosa fanno gli amministratori pubblici	È la possibilità di sapere quanto (e per cosa) spendono le amministrazioni pubbliche	È la possibilità di vedere gli stipendi degli amministratori pubblici
71	Dittatura, Tirannia, Monarchia, Oligarchia, Plutocrazia, Tecnocrazia, Gerontocrazia hanno in comune…	ECO	EXAM	Risposta0	Il basso livello di democrazia	L'alto grado di rappresentatività	L'attenzione verso i problemi delle fasce deboli della popolazione	L'alto livello di democrazia
72	"Sono feature tipiche degli strumenti di ""idea gathering"":"	SOC	EXAM	Risposta0	Inserimento di idee, commenti, valutazioni, organizzazione in tematiche	Inserimento di idee, wiki, valutazioni, organizzazione in tematiche	Inserimento di idee, commenti, valutazioni, integrazione con social network	Inserimento di idee, commenti, meccanismo di delega, organizzazione in tematiche
73	"Il ""bilancio partecipato""..."	ECO	EXAM	Risposta0	È un modo di contribuire alle decisioni sulle spese di una amministrazione pubblica	È un modo per conoscere le spese di una amministrazione pubblica	È un modo di contribuire alle spese di una amministrazione pubblica	È un modo per impedire le spese di una amministrazione pubblica
74	L'e-petitioning:	SOC	EXAM	Risposta0	È molto usato ma ha minore efficacia rispetto alla raccolta firme tradizionale	È molto usato e ha maggiore efficacia rispetto alla raccolta firme tradizionale	È ormai una realtà legale anche in Italia	È molto usato e ha la stessa efficacia rispetto alla raccolta firme tradizionale
75	Un documento scansionato reso disponibile in PDF è OpenData…	SOC	EXAM	Risposta0	Livello 1 stella	Livello 2 stelle	Livello 4 stelle	Livello 5 stelle
76	Un ambiente di partecipazione civica è…	SOC	EXAM	Risposta0	Un sistema informatico per veicolare la partecipazione dei cittadini alla amministrazione pubblica	Un sistema di voto	Un forum di discussione	Un ambiente fisico dove i cittadini possono riunirsi
77	Il patto partecipativo è…	ECO	EXAM	Risposta0	Un contratto sociale	Un contratto notarile	Un contratto commerciale	Un contratto a termine
78	"Il ""lock-in""..."	SOC	EXAM	Risposta0	È un modo sia tecnico che commerciale per impedire che i clienti scelgano altri fornitori	È un modo sia tecnico che commerciale per impedire che i clienti utilizzino sistemi informatici	È una tecnica crittografica	È un formato di file che impedisce la lettura
79	Un programma gratuito è…	SOC	EXAM	Risposta0	A volte Libero	Sempre Libero	Sempre in pubblico dominio	Sempre proprietario
80	Le Creative Commons sono…	LEG	EXAM	Risposta0	Licenze d'uso molto simili alle licenze libere	I beni a disposizione di tutti	Licenze d'uso riservate agli artisti	Le opere di pubblico dominio
81	La Product Function Structure (PFS)	ECO	EXAM	Risposta0	È un albero che descrive le funzioni principali che un progetto deve realizzare	Non fa riferimento alla gestione dei progetti	È una decomposizione gerarchica delle operazioni di un progetto	È un albero che descrive gli output principali che un progetto deve sviluppare per realizzare le funzioni
82	La Product Breakdown Structure (PBS)	ECO	EXAM	Risposta0	È un albero che descrive gli output principali che un progetto deve sviluppare per realizzare le funzioni	È una decomposizione gerarchica delle operazioni di un progetto	Non fa riferimento alla gestione dei progetti	È un albero che descrive le funzioni principali che un progetto deve realizzare
83	Il Margine Operativo Netto (MON)	ECO	EXAM	Risposta0	È dato dalla differenza tra valore della produzione e costi di produzione, e sintetizza Il risultato dell'attività operativa di un'impresa.	Rappresenta l'insieme di diritti vantati sull'impresa dagli azionisti (o da chi detiene il capitale di rischio)	Coincide con il valore di tutti i beni/servizi prodotti nell'arco dell'esercizio.	È sempre identico all'utile di esercizio
84	Il Patrimonio netto	ECO	EXAM	Risposta0	Si trova nel passivo dello stato patrimoniale e include il Capitale Sociale, le Riserve e l'Utile d'esercizio	Misura il valore di tutti i beni/servizi prodotti nell'arco dell'esercizio.	Si trova nell'attivo dello stato patrimoniale e include il Capitale Sociale, le Riserve e l'Utile d'esercizio	Si trova nel passivo dello stato patrimoniale e include il Capitale Sociale, le Riserve, il TFR e l'Utile d'esercizio
85	Cosa si intende per Principio della competenza nella redazione di un bilancio?	ECO	EXAM	Risposta0	Che le entrate e le uscite devono rispettare le fonti di ricavo e costo cui competono	Che la redazione dello stato patrimoniale compete ai soci che decidono anche sulla distribuzione degli utili, mentre la redazione del conto economico compete solo agli amministratori	Che nel conto economico i costi e ricavi devono essere connessi da un nesso causale che rispetti la loro  istribuzione temporale	Che chi redige il bilancio deve possedere competenze certificate in materia
86	Cosa si intende per Hardware Libero?	LEG	EXAM	Risposta0	L'hardware basato su dispositivi elettronici e computer progettati con la stessa filosofia del software libero: tutte le informazioni riguardanti il progetto hardware, le specifiche, gll schemi necessari, etc. sono divulgati e liberamente accessibili	L'hardware liberamente acquistabile	L'hardware prodotto nelle carceri	L'hardware gratuito
87	In Europa la privacy è considerata:	LEG	EXAM	Risposta0	un diritto umano	una merce nuova	una cosa del futuro	una cosa del passato
88	Perché per la società è importante mettere a frutto l'etica hacker?	ETH	EXAM	Risposta0	Perché la società dell'informazione ha bisogno di persone esperte e dotate di speciali capacità tecniche per poter provare e sollecitare i sistemi complessi	Perché fa depenalizzare i reati informatici	Perché fa aumentare le pene per i reati informatici	
89	I criteri base tradizionali per la classificazione delle forme di mercato sono	ECO	EXAM	Risposta0	Sostituibilità (tra venditori) e interdipendenza (tra prodotti) ( e facilità di entrata )	Il grado In cui le Imprese già operanti nel mercato possono aumentare il loro prezzo al di sopra dì quello dì concorrenza perfetta senza provocare l'ingresso di nuovi concorrenti		
90	"Quando si parla di ""libertà digitale"" ci si riferisce a:"	SOC	EXAM	Risposta0	Le manifestazioni dei diritti di libertà nell'ambiente digitale	Le nuove forme di comunicazione libera consentite dai blog, le messageboard, i forum online, ecc.	Le facoltà concesse agli utenti di Internet di poter rielaborare i contenuti in formato digitale	L'assenza di regole o leggi specifiche che disciplinano il mondo digitale
91	"Nell'ambito della registrazione del nomi di dominio, con l'espressione ""first come, first served"" si intende Il principio in base al quale:"	LEG	EXAM	Risposta0	Se il nome di dominio non è ancora stato registrato può essere registrato da chiunque.	Nel caso di contestazione sulla titolarità di un nome di dominio, questo viene assegnato automaticamente al primo che ha segnalato il conflitto all'autorità competente	La prima registrazione di un nome di dominio è sempre offerta ad un prezzo inferiore rispetto alle successive	???
92	La libertà di espressione è:	LEG	EXAM	Risposta0	Un diritto fondamentale della persona che, tuttavia, può essere soggetto a limiti o restrizioni	Un diritto fondamentale della persona che, come tale, non può essere soggetto a limiti o restrizioni	"Un diritto ""naturale"" non riconosciuto da specifiche disposizioni di legge"	Un diritto disciplinato solo a livello internazionale
93	la trasparenza è un concetto …	ECO	EXAM	Risposta0	Legato alla possibilità di accedere ai dati delle P.A.	Legato alla disponibilità di contattare un amministratore pubblico	Legato al formato dei dati	Legato ai livello di cifratura dei protocolli di rete
94	I brevetti software …	LEG	EXAM	Risposta0	Sono una realtà mondiale ma non servono al progresso dell'umanità	Sono una realtà mondiale e servono al progresso dell'umanità	Sono validi solo In alcune legislazioni e ci sono torti dubbi sulla loro utilità al progresso dell'umanità	Sono validi solo In alcune legislazioni ma sarebbero molto utili al progresso dell'umanità
95	"Il concetto di ""cittadinanza"" è:"	SOC	EXAM	Risposta0	Un equilibrio delicato di diritti e doveri	Un sistema clientelare	Dovuto al mercato Internazionale	Un modo per definire i sudditi
96	"Quale di queste libertà relative alle Licenze libere rende le stesse ""virali"":"	LEG	EXAM	Risposta2	Libertà 0	Libertà 1	Libertà 2 (the freedom to share the software with your friends and neighbors)	Libertà 3
97	L'elasticità di prezzo incrociata misura:	ECO	EXAM	Risposta0	II grado in cui le vendite dell'impresa j sono influenzate da variazioni nel prezzo praticato dall'impresa i del medesimo settore	Il grado in cui le imprese già operanti nel mercato possono aumentare il loro prezzo al di sopra di quello di concorrenza perfetta senza provocare l'ingresso di nuovi concorrenti	Il cambiamento proporzionale nel prezzo praticato dall'impresa j derivante da una variazione infinitamente piccola nella quantità prodotta dall'impresa i	Il livello della condizione di entrata
98	Il metodo del VAN (NPV) nella valutazione degli investimenti incorpora il rischio associato all'investimento?	ECO	EXAM	Risposta0	Sì, perché il tasso di attualizzazione è scelto opportunamente in base al rischio associato all'investimento	Sì, perché il VAN utilizza un tasso di rendimento interno dell'investimento che è funzione dell'orizzonte temporale e del rischio associato a chi presta le risorse finanziarie	No, perché il VAN prende in considerazione i valori attuali mentre il rischio è sempre associato al trascorrere del tempo	No, perché il rischio è espresso da un tasso di interesse mentre il VAN si basa sul confronto fra valori attuali
99	Cosa si intende per Deontologismo (Kant)?	ETH	EXAM	Risposta0	"Secondo Kant un'azione è giusta o sbagliata ""in sé"" (a prescindere dalle motivazioni o dalle conseguenze)"	Leggere la norma nelle pubblicazioni scientifiche	Analizzare la morale delle religioni	Analizzare attentamente le leggi USA
100	Richard Stallman pubblica il manifesto del software libero nel:	SOC	EXAM	Risposta0	1985	1998	1999	1990
101	"La prima interfaccia grafica ""a finestre è stata introdotta da:"	SOC	EXAM	Risposta0	Xerox STAR	Xerox Daybreak	IBM PC DOS	Apple I
102	I sistemi steganografici…	SOC	EXAM	Risposta0	Servono a nascondere il fatto che stiamo comunicando con qualcuno	Impediscono la comunicazione tra due soggetti	Servono a impedire che un messaggio venga letto, ma non nascondono l’esistenza del messaggio stesso	Permettono l'invio di messaggi a più destinatari senza che ognuno sappia degli altri
103	Il crowdsourcing è più simile a…	SOC	EXAM	Risposta0	Un sistema per raccogliere fondi	Un metodo di sviluppo software	Una forma di governo	Un meccanismo per aggregare microinformazioni
104	"Il ""digital divide…"	SOC	EXAM	Risposta0	È il divario fra chi ha accesso alle tecnologie dell'informazione e chi non l'ha	È il salto generazionale fra i nativi digitali e chi è nato prima degli anni 90	È la mancata standardizzazione dei sistemi operativi	È il divario fra chi ha accesso a Internet e chi non l'ha
105	Il “dato aberrante”…	LEG	EXAM	Risposta0	"È un dato che ""esce da un cluster di dati grossomodo omogenei”"	È quello che porta all'identificazione di un criminale	È un dato forgiato ad arte	È un dato che non si riesce a cancellare
106	Quando hanno inserito nell’Università americana la materia “etica dell’informatica”?	ETH	EXAM	Risposta0	1991	1992	1993	1990
107	Ogni quanto si dovrebbe fare il backup?	SOC	EXAM	Risposta0	almeno una volta alla settimana	almeno una volta all’ora	almeno una volta al giorno	almeno una volta al mese
108	La classificazione dei costi che distingue tra costi di prodotto e di periodo:	ECO	EXAM	Risposta0	Fa riferimento alla natura del costo, in base alla possibilità di associare il costo o meno alla produzione	Fa riferimento al comportamento dei costi in funzione della variazione del livello di attività dell'impresa	Fa riferimento alla rilevanza decisionale dei costi: la classificazione deve far riferimento a una specifica decisione	Evidenzia quanto la vendita di ciascuna unità di prodotto contribuisca alla copertura dei costi fissi
109	La catena del valore	ECO	EXAM	Risposta0	Disaggrega un'azienda nelle sue attività allo scopo di comprendere l'andamento dei costi e le fonti esistenti e potenziali di differenziazione	Può dare informazioni sulla reddittività dei progetti a lungo termine	Presuppone un'elevata elasticità incrociata	Fa riferimento al comportamento dei costi in funzione della variazione del livello di attività dell'impresa
110	Gli investimenti che alterano la configurazione esterna di un'impresa:	ECO	EXAM	Risposta0	Influiscono sul modo in cui l'impresa viene percepita dal mondo esterno, in termini di prodotti/servizi. Si riflettono sui prezzi	Sono per es. le singole macchine, il cui cambiamento non stravolge la configurazione interna, ma la modifica solo localmente	Sono totalmente scorrelati con l'attività dell 'impresa.	Influiscono sulla struttura organizzativa
111	Sono fissi quei costi che …	ECO	EXAM	Risposta0	non variano al variare del volume di produzione	variano proporzionalmente al variare dei ricavi monetari	variano al variare del volume di vendita	variano proporzionalmente al variare dei debiti di fvnzioriamento
112	Il primo circuito integrato è stato progettato nel:	SOC	EXAM	Risposta0	1957	1899	1968	2008
113	"Il Personal Computer e l'Internet degli anni '70 rappresentano esempi storici del ""co-shaping"" perché:"	SOC	EXAM	Risposta0	In una società dove diventano centrali l'individuo e la sua libertà, si affermano tecnologie che vanno nella direzione della de-centralizzazione e dell'autonomia personale	La tecnologia è sempre buona	La tecnologia è neutra	ln una società dove diventano centrali l'individuo e la sua libertà, si affermano tecnologie che varino nella direzione della ceritraliuazione e della dipendenza
114	Perché è complesso progettare applicazioni di e-Participation?	SOC	EXAM	Risposta0	Perché quando progettiamo le applicazioni dì e·participation dovremmo attentamente considerare tutte le virtù antiche e consolidate della democrazia	Perché richiedono software proprietario	Perché richiedono linguaggi di programmazione speciali	Perché richiedono computer paralleli
115	"Cosa suggerisce De George per evitare la ""Acceptance of Technological Inertia""?"	ETH	EXAM	Risposta0	Le tecnologie possono essere sviluppate in molti modi e quando la direzione non è la migliore dovremmo essere in grado di intervenire e cambiare direzione	Le tecnologie possono essere sviluppate in un solo modo	Le tecnologie complesse vanno evitate	Le tecnologie complesse non vanno evitate
116	La legge italiana quale durata prevede per un brevetto di invenzione industriale:	LEG	EXAM	Risposta0	Venti anni dalla data di deposito	Venti anni dalla data di morte dell'inventore	Cinquanta anni dalla data di deposito	Cinquanta anni dalla data di morte dell'inventore
117	Le licenze creative commons possono essere efficacemente impiegate per la distribuzione di quali tipologie di contenuti:	LEG	EXAM	Risposta0	Qualsiasi contenuto o opera creativa tutelati dalla legge sul diritto d’autore	Esclusivamente audiovisivi	Invenzioni industriali	Programmi per elaboratore
118	"La fruizione in “modalità streaming"" di contenuti audiovisivi protetti dalla legge sul diritto d'autore, trasmessi da soggetti non titolari dei rispettivi diritti è:"	LEG	EXAM	Risposta0	Consentita in quanto la fruizione dei contenuti è solo temporanea, senza scrittura e memorizzazione definitiva dei rispettivi file	Consentita se la condotta non è effettuata per fini commerciali	"Consentita se i contenuti audiovisivi sono opere già destinate al circuito ""home video"""	Vietata e sanzionata in base alla legge sul diritto d'autore
119	Caratteristica essenziale e comune del free software e del software open source:	SOC	EXAM	Risposta0	Di essere software il cui utilizzo gratuito è sempre consentito purché non per finalità commerciali	Di essere sempre gratuito	Di essere necessariamente compatibile con tutti i sistemi operativi	Di essere software in relazione al quale viene garantito l'accesso al codice sorgente
120	"il concetto di ""cittadinanza” è:"	SOC	EXAM	Risposta0	Un equilibrio delicato di diritti e doveri	Dovuto al mercato internazionale	Un sistema clientelare	Un modo per definire i sudditi
121	La Posta Elettronica Certificata:	LEG	EXAM	Risposta0	Non è uno standard internazionale ma è adottato da tutte le amministrazioni pubbliche italiane	Non è uno standard internazionale ed è adottato da molte amministrazioni pubbliche italiane	Non è uno standard internazionale ma è un modo garantito per contattare le amministrazioni pubbliche italiane	È uno standard internazionale adottalo in tutto il mondo (risposta errata)
122	Wi-Fi per tutti …	SOC	EXAM	Risposta0	È al livello 1 dell'arcobaleno	È al livello 0 dell'arcobaleno	È al livello 2 dell'arcobaleno	È al livello 5 dell'arcobaleno
123	Quale di queste forme di governo non prevede delega?	SOC	EXAM	Risposta0	Tirannia/Dittatura	Democrazia liquida	Democrazia rappresentativa	Democrazia deliberativa
124	La mancata adozione di una misura di sicurezza comporta:	LEG	EXAM	Risposta0	Una responsabilità civile, solo se si prova di aver subito un danno effettivo	Una responsabilità amministrativa	Una responsabilità civile	Una responsabilità
125	Le attività primarie di un'impresa sono:	ECO	EXAM	Risposta2	Approvvigionamento, sviluppo della tecnologia (R&D), gestione delle risorse umane (HR), attività infrastrutturali	Logistica in entrata, gestione delle risorse umane (HR), logistica in uscita, marketing e vendite, servizio	Logistica in entrata, attività operative (operations), logistica in uscita, marketing e vendite, servizio	Approvvigionamento, attività operative (operations), sviluppo della tecnologia (R&D), gestione delle risorse umane (HR), attività infrastrutturali
126	Il tasso interno di rendimento (IRR): ??	ECO	EXAM	Risposta0	Può non essere calcolabile	È sempre calcolabile per un fattore di sconto dato	Consente di calcolare il pay-back period	Si utilizza per valutare investimenti in condizioni di incertezza
127	Livello 3 arcobaleno:	SOC	EXAM	Risposta0	Diritto a usufruire di servizi online, pubblici e privati (e-service)	Diritto alla trasparenza (essere informati transparency)	Diritto ad essere ascoltati e consultati (consultation)	Diritto all'accesso alla rete (the net)
128	Livello 0 arcobaleno:	SOC	EXAM	Risposta0	Diritto all'accesso alla rete (the net)	Diritto a informare (inform: content provided by users)	Diritto al coinvolgimento attivo nelle scelte e nelle politiche (active participation)	Diritto a usufruire di servizi online, pubblici e privati (e-services)
129	I log di sistema....	SOC	EXAM	Risposta0	Tengono traccia di ciò che accade in un sistema	Tengono traccia degli accessi da parte degli utenti	Sono database relazionali	Sono file di testo
130	co-shaping significa:	SOC	EXAM	Risposta0	La tecnologia e la società si plasmano a vicenda.	Eseguire un programma scritto in Pascal	Programmare insieme	il test della memoria del computer
131	L'Etica Informatica viene affrontata nelle maggiori università del mondo nei Dipartimenti di:	ETH	EXAM	Risposta0	Scienza, Tecnologia e Società	Storia Medievale	Agraria	Psicologia
132	Il primo programma della storia è stato scritto da:	SOC	EXAM	Risposta0	Ada Byron (1843)	Linus Torvalds	Steve Jobs	Bill Gates
133	"L'accettazione delle condizioni di utilizzo di un software, o di un servizio online, effettuata tramite ""flag"" o click del mouse:"	LEG	EXAM	Risposta0	È valida e rilevante a tutti gli effetti di legge (credo)	È valida se accompagnata da una firma digitale	Non è valida, e sempre contestabile, in quanto non è possibile stipulare un contratto senza sottoscrivere con la propria firma	È valida esclusivamente se l'utilizzo del software o del servizio è concesso a titolo gratuito
134	In base alle vigenti disposizioni di legge i programmi per elaboratore sono protetti e tutelati:	LEG	EXAM	Risposta0	Dal diritto d'autore e, in casi eccezionali, oggetto di possibile ulteriore tutela brevettuale	Grazie all 'impiego di soluzioni tecniche e informatiche, ma sprovvisti di una vera e propria tutela giuridica	Esclusivamente dalla tutela brevettuale	Esclusivamente dalla legge sul diritto d'autore
135	L'informazione relativa alla confessione religiosa praticata da un soggetto è:	LEG	EXAM	Risposta0	Un dato sensibile	Un dato pubblico	Un dato personale	Un dato anonimo
136	Un sistema deliberativo...	SOC	EXAM	Risposta0	È un sistema che permette di coinvolgere i cittadini nelle decisioni	È un sistema esperto che aiuta i cittadini a prendere decisioni	È un sistema esperto che prende decisioni al posto dei cittadini	È un sistema che permette di raccogliere i voti dei cittadini
137	"Il problema dell 'uso delle piattaforme di ""idea gathering""..."	SOC	EXAM	Risposta0	È che NON sempre viene esplicitato l'impegno (il patto) preso da chi apre la consultazione	È che NON viene mai esplicitato l'impegno (il patto) preso da chi apre la consultazione	È che NON viene mai portato a compimento l'impegno (il patto) preso da chi apre la consultazione	È che viene sempre esplicitato l'impegno (il patto) preso da chi apre la consultazione
138	I sistemi crittografici...	SOC	EXAM	Risposta0	Servono a impedire che un messaggio venga letto, ma non nascondono l'esistenza del messaggio stesso	Permettono l'invio di messaggi a più destinatari senza che ognuno sappia degli altri	Servono a nascondere il fatto che stiamo comunicando con qualcuno	Impediscono la comunicazione tra due soggetti
139	Per formulare una strategia	ECO	EXAM	Risposta0	L'impresa, considerando il segmento servito e la relativa area geografica, deve capire quali ono i suoi competitor potenziali attuali	è sempre sufficiente applicare il criterio del VAN (o NPV)	Il migliore indicatore è sempre rappresentato dal Tempo di pay-back	è sempre di fondamentale importanza conoscere la propria DOM
140	Sono potenziali entranti in un business le imprese che	ECO	EXAM	Risposta0	Dispongono di tecnologia complementare/simile	Hanno acceso a un adeguato capitale di rischio	Non sfruttano adeguatamente le loro economie di scala	Hanno la stessa struttura dei costi
141	"Nel bilancio di esercizio la voce ""crediti verso i clienti"" si trova:"	ECO	EXAM	Risposta0	Nell'attivo dello stato patrimoniale	Solo nella nota integrativa	Tra i ricavi del conto economico	Nel capitale netto
142	Perché il concetto di Stakeholder è importante in economia aziendale?	ECO	EXAM	Risposta0	Perché lo stakeholder apporta capitale di rischio e deve quindi essere tenuto in considerazione nelle scelte strategiche	Perché lo stakeholder apporta capitale di debito e deve quindi essere tenuto in considerazione nelle scelte strategiche	Perché nelle decisioni strategiche l'impresa deve tenere conto della loro esistenza e cercare di contemperare i propri interessi con le loro istanze	Perché lo stakeholder può promuovere azioni legali contro l'impresa e quindi deve essere tenuto in considerazione nelle scelte di gestione
143	Cosa si intende per e-Accessibility?	SOC	EXAM	Risposta0	Rendere accessibili le tecnologie dell'informazione a tutti, aprendole al più ampio spettro di persone, in particolare anche alle persone con disabilità e anziane	Avere touch-screen a basso prezzo	Rendere possibile la progettazione di computer a scala nanometrica	Inventare nuovi chip basati sulla meccanica quantistica
144	"Nel 1985, Deborah Johnson pubblica il libro fondamentale ""Computer Ethics"" dove spiega che:"	ETH	EXAM	Risposta0	per comprendere la connessione tra Etica e Informatica è essenziale riconoscere che la tecnologia non è semplicemente un artefatto (co-shaping)	La tecnologia è neutra	La tecnologia è pericolosa	La tecnologia è sicura
145	Il protocollo TCP/IP dell'internet viene introdotto:	SOC	EXAM	Risposta0	1973, da Vint Cerf e Robert Kahn	1975, da Bill Gates	1998, da Sergey Brin	1976, da Steve Jobs
146	"Quale normativa comunitaria disciplina la responsabilità dei prestatori di servizi della c.d. ""società dell'informazione"":"	LEG	EXAM	Risposta0	La direttiva 2002/58/CE (relativa al trattamento dei dati personali nel settore delle comunicazioni elettroniche)	La direttiva 95/46/CE (sulla tutela delle persone fisiche rispetto al trattamento dei dati personali)	La direttiva 2011/83/UE (sui diritti dei consumatori)	La direttiva (2003/31/CE (sul commercio elettronico)
147	In base alla normativa sulla protezione dei dati personali, una fotografia:	LEG	EXAM	Risposta0	Può essere un dato personale	Non può mai essere un dato personale	è sempre un dato personale	è un dato personale solo se sottoscritta
148	Cos'è l'integrazione verticale?	ECO	STUD	Risposta0	quando un cliente produce in-house il prodotto fornito dai fornitori	quando i fornitori chiedono le materie prime ai clienti	i clienti integrano il lavoro dei fornitori nei loro piani produttivi	i clienti si informano di come i fornitori producono i prodotti forniti
149	Definizione di impresa:	ECO	STUD	Risposta0	Attori del sistema economico deputati alla produzione di beni e servizi economici	gruppo di soci con un obiettivo comune	enti volti al profitto economico	società legale guidata da un imprenditore che mira al ricavo tramite la vendita dei propri servizi
150	Selezionare l'opzione corretta. L'artigiano:	ECO	STUD	Risposta0	produce manufatti unici occupandosi personalmente di ogni fase della produzione	produce manufatti unici sempre usando la propria materia prima	produce manufatti unici grazie all'aiuto di altre aziende	minimizza i costi grazie ad un'attenta divisione dei lavori
151	Selezionare l'opzione corretta. L'Industria:	ECO	STUD	Risposta0	produce prodotti in serie tutti uguali, con l'utilizzo di macchinari che richiedono un investimento di capitale	produce manufatti con macchinari che già possiede	produce manufatti unici grazie all'aiuto di altre aziende	produce manufatti in serie, dove il costo di produzione è commisurato al tempo impiegato
152	Diritti di proprietà del rischio:	ECO	STUD	Risposta0	chi investe capitale, si assume un rischio, di conseguenza ha dei diritti sul capitale investito e sull'investimento dello stesso	chi investe capitale si assume un rischio, ma è l'azienda a gestirlo	chi investe il capitale, non si assume rischi perché questi ricadono sull'azienda	chi investe il capitale, si assume dei rischi ma è l'azienda che sceglie come e dove destinare il capitale, ha però dei diritti sull'utile del capitale
153	I Proprietari d'Impresa:	ECO	STUD	Risposta0	sono soggetto giuridico obbligati ad onorare gli impegni e i debiti dell’impresa e rispettare la legge	sono i capi dell'azienda, e dividono le azioni con gli altri soci. Si assumono responsabilità nella percentuale delle azioni che hanno.	ha diritti patrimoniali sull'azienda ma non amministrativi	ha solo diritti amministrativi sull'impresa (gestione dell'impresa), ma può eventualmente cederli
154	Quale tra queste è una società di persone?	ECO	STUD	Risposta0	Società in Nome Collettivo (SNC)	Ditte Individuali	Società a Responsabilità Limitata (SRL)	Società Per Azioni (SPA)
155	Quale tra queste è una società di capitali?	ECO	STUD	Risposta0	Società Per Azioni (SPA)	Società in Nome Collettivo (SNC)	Ditte Individuali	Gruppo D'Imprese
156	La Ditta Individuale:	ECO	STUD	Risposta0	Fa capo a un solo soggetto, cioè ad una persona fisica detta imprenditore, l’imprenditore risponde illimitatamente per i debiti contratti.	è una società di persone (min 2), senza personalità giuridica. I soci rispondono per le obbligazioni sociali in modo illimitato e solidale.	È una società di persone (min.2), dove non è richiesto un capitale sociale minimo. Per le obbligazioni sociali risponde solo la società con il suo patrimonio.	È una società di capitali che si costituisce per contratto o per atto unilaterale. La partecipazione sociale è rappresentata da azioni. Per le obbligazioni sociali risponde solo la società con il suo patrimonio.
157	La SPA è:	ECO	STUD	Risposta0	è una società di capitali con capitale minimo di 120.000€. La partecipazione sociale è rappresentata da azioni.	è una società a capitale variabile e con scopo mutualistico. Il capitale sociale, può essere costituito anche da azioni. Si avvalgono prevalentemente delle prestazioni lavorative dei soci e degli apporti di beni e servizi da parte degli stessi. 	è un'organizzazione con personalità giuridica, riconosciuta attraverso un esame nel quale si valuta, tra l'altro, la sufficienza della dotazione patrimoniale. I soci rispondono dei debiti sociali limitatamente al capitale investito.	è una società di capitali con capitale minimo di 10.000€. Per le obbligazioni sociali risponde solo la società con il suo patrimonio.
158	La Società Cooperativa:	ECO	STUD	Risposta0	è una società a capitale variabile e con scopo mutualistico. Promuove l'integrazione sociale dei cittadini attraverso la gestione di servizi sociosanitari ed educativi e lo svolgimento di attività agricole, industriali, commerciali o di servizi, finalizzate all'inserimento lavorativo di persone svantaggiate.	è un’organizzazione stabile mediante la quale più persone volontarie si riuniscono e si accordano tra loro per perseguire scopi comuni di carattere sociale.	è un accordo tra due o più imprenditori che istituiscono un’organizzazione comune per la disciplina o per lo svolgimento di determinate fasi nelle rispettive imprese.	è una società di capitali dotata di personalità giuridica, che si costituisce per contratto o per atto unilaterale. Il capitale sociale minimo è € 10.000,00. 
159	La Società di Fatto:	ECO	STUD	Risposta0	non nasce da un contratto, ma dal comportamento delle parti. I soci hanno un patrimonio comune e partecipazione comune agli utili e alle perdite. Tutti i soci di fatto rispondono illimitatamente.	Fa capo a un solo soggetto, cioè ad una persona fisica detta imprenditore, che detiene pieno potere di amministrazione. L’imprenditore risponde illimitatamente per i debiti contratti. 	è una società di persone (min 2), senza personalità giuridica, che può svolgere solo attività NON commerciali. I soci rispondono per le obbligazioni sociali in modo illimitato e solidale.	È una società di persone (min.2), con due categorie di soci: Accomandatari (amministratori e illimitatamente responsabili) e  Accomandanti (estranei all'amministrazione e limitatamente responsabili).
160	Una Fondazione:	ECO	STUD	Risposta0	è un'organizzazione con personalità giuridica e può essere costituita tra vivi o con testamento. Viene riconosciuta attraverso un esame nel quale si valuta la sufficienza della dotazione patrimoniale al raggiungimento degli scopi della fondazione.	è un'organizzazione senza fini di lucro, formata da diversi soci che intendono perseguire degli obiettivi comuni.	è un’organizzazione stabile mediante la quale più persone volontarie si riuniscono per perseguire degli obiettivi comuni. Il capitale è costituito dalle donazioni.	È un accordo tra due o più imprenditori che istituiscono un’organizzazione comune per perseguire obiettivi comuni di carattere sociale.
161	Il Bilancio: 	ECO	STUD	Risposta0	è un documento pubblico che raccoglie le informazioni relative alla ricchezza, ai costi, ai ricavi.	è un documento interno di un'azienda che registra i ricavi delle vendite.	è un documento pubblico, che contiene i dettagli dei ricavi di un'azienda.	è un documento interno che serve a capire se un'azienda è in perdita o in guadagno.
162	Quale di questi documenti  NON è presente nel bilancio:	ECO	STUD	Risposta0	Rendiconto Patrimoniale	Stato Patrimoniale	Nota Integrativa	Conto Economico
163	Quale di queste affermazioni sulle tipologie di risorse è FALSA?	ECO	STUD	Risposta0	Le risorse legate ad attività di supporto vengono utilizzate direttamente dai prodotti.	Le risorse legate ad attività di supporto vengono utilizzate in maniera indiretta nei prodotti.	il costo delle risorse indirette associate ad attività di supporto non è facilmente associabile alle unità organizzative o ai prodotti.	i costi delle risorse dirette sono facilmente associabili ai prodotti ed unità organizzative alle quali sono assegnate.
164	Quale di queste affermazioni sul modello di contabilità tradizionale è FALSA?	ECO	STUD	Risposta0	Gli strumenti tradizionali di contabilità analitica NON fanno distinzione tra le diverse tipologie di risorse (dirette/indirette primarie/di supporto).	"Il modello di ""struttura dei costi"" si focalizza sulle attività primarie e quindi sui costi diretti associate a queste, tralasciando la ripartizione dei costi indiretti."	La tipologia dei costi indiretti (per es tecnologie utilizzate per aumentare la produttività come la catena di montaggio, macchina untensile ecc...) è ragione per cui i costi indiretti vengono ripartiti in maniera proporzionale su quelli diretti.	La difficoltà ed il costo di misurare i costi indiretti impedisce analisi eccessivamente sofisticate, per questo  nel modello tradizionale si misurano solo i costi diretti.
165	Quale di queste affermazioni sull'analisi dei costi moderna è FALSA?	ECO	STUD	Risposta0	I costi diretti non sono più chiari poiché sono nati molti lavori di concetto il cui apporto non è misurabile.	c'è un maggiore equilibrio tra costi diretti ed indiretti, poiché l'incremento della complessità della produzione, richiede un conseguente aumento delle attività di supporto.	i costi indiretti, non dipendono tanto dal contenuto in lavoro diretto, ma quanto da altri parametri (dimensione dei lotti di produzione, numero componenti del prodotto, impiego di componenti non standard, ecc...)	il costo di rilevazione delle informazioni è drasticamente diminuito grazie alle ICT, è quindi possibile misurare un insieme molto più ampio di grandezze rispetto al passato.
166	Quale di questi NON è un costo di prodotto?	ECO	STUD	Risposta0	R&D	Addetti alle Operation (es. trasformazione fisica ed assemblaggio)	Acquisto di Materie Prime	Costi Energetici
167	Quale di queste affermazioni sui costi fissi e variabili è FALSA?	ECO	STUD	Risposta0	I costi fissi NON aumentano col passare del tempo.	I costi fissi NON aumentano nel breve periodo, ma possono aumentare nel lungo periodo.	I costi variabili NON dipendono direttamente dal volume produttivo.	I costi variabili NON sono determinabili da un fattore preciso, ma sono stimabili con un modello matematico specifico cado per caso.
168	Quale di questi è un costo fisso?	ECO	STUD	Risposta0	costi amministrativi	materie prime	utenze elettriche	provvigioni dei venditori
169	Cosa sostiene Porter?	ECO	STUD	Risposta0	Non si può capire il vantaggio competitivo se si considera un’azienda come un tutto unico.	ogni sezione dell'azienda deve lavorare come un'unica entità.	la catena del valore ci permette di capire quali sono i settori dell'azienda che sono l'anello debole.	le attività primarie sono quelle che generano il margine di guadagno.
170	Nella catena del valore quale tra queste NON è un'attività primaria?	ECO	STUD	Risposta0	gestione delle risorse umane	logistica in entrata	marketing e vendite	servizio post vendita
171	"Quale di queste NON è un fattore ""cost driver""?"	ECO	STUD	Risposta0	projected size (grandezza percepita dell'azienda)	economie di scala	learning and spillover (curva di apprendimento)	Linkage (legami tra le diverse business unit)
172	"Quale tra questi NON è un ""driver di unicità"" per la ""differenziazione"" di un'azienda?"	ECO	STUD	Risposta0	la strategia di mercato	economie di scala, localizzazione	caratteristiche dei prodotti, assistenza, metodi di consegna	legami con fornitori, clienti, canali distrributivi, interni ecc...
173	Quale di queste affermazioni sugli investimenti è FALSA?	ECO	STUD	Risposta0	gli investimenti che alterano la configurazione interna, influiscono sulla struttura organizzativa che gestisce il mix di risorse per dar luogo a una determinata configurazione esterna. Si riflettono principalmente sui prezzi.	"se devo valutare un investimento di tipo ""interazione reale"", devo ragionare in termini di marginalità, e cioè considerando per esempio anche il ricavo ottenuto dalla vendita dei vecchi apparati."	gli investimenti che alterano la configurazione esterna influiscono sul modo in cui l’impresa viene percepita dal mondo esterno.	"per investimenti di ""natura finanziaria"" si intendono quegli investimenti che sono totalmente scorrelati con l’attività dell’impresa."
174	Quale di questi NON è un criterio di valutazione degli investimenti?	ECO	STUD	Risposta0	Cashback	Profitability Index	Return Of Investment (ROI)	Internal Rate of Return (IRR)
175	Quale di queste NON è una caratteristica di un progetto?	ECO	STUD	Risposta0	Concorrenzialità	Unicità	Obiettivo	Multidisciplinarità
176	Qual è il corretto ordine di un ciclo di vita di un progetto?	ECO	STUD	Risposta0	1) Disegno Concettuale; 2) Definizione; 3) Pianificazione; 4) Sequenziamento; 5) Esecuzione; 6) Fine	1) Definizione; 2) Disegno Concettuale; 3) Pianificazione; 4) Sequenziamento; 5) Esecuzione; 6) Fine	1) Sequenziamento; 2) Definizione; 3) Disegno Concettuale; 4) Pianificazione; 5) Esecuzione; 6) Fine	1) Pianificazione; 2) Disegno Concettuale; 3) Definizione; 4) Sequenziamento; 5) Esecuzione; 6) Fine
177	Chi scrisse il primo testo d'Informatica della storia?	ETH	STUD	Risposta0	Luigi Menabrea	Charles Babbage	Ada Lovelace	Gustav Heinekein
178	Come nacque uno dei primi computer elettronici digitali l'EDVAC?	ETH	STUD	Risposta0	per eseguire calcoli precisissimi nello sviluppo della Bomba Atomica.	per eseguire calcoli precisi sulle traiettorie dei missili.	per decifrare i messaggi segreti durante la seconda guerra mondiale.	per calcolare i numeri primi.
179	"Chi viene considerato il fondatore della disciplina della ""Computer Ethics""?"	ETH	STUD	Risposta0	Norbert Wiener	Deborah Johnnson	Melvin Kranzberg	Alan Turing
180	Quando venne inventato il transistor?	ETH	STUD	Risposta0	1947	1950	1938	1945
181	Cosa dice il teorema di Bohm-Jacopini?	ETH	STUD	Risposta0	ogni funzione computabile, può essere implementata solo con 3 strutture: la sequenza, la scelta e il ciclo.	ogni funzione hardware può essere simulata con del software.	ogni codice può essere scritto solo con costrutti if.	ogni funzione computabile può essere scritta con: cicli, if, interrupt e le operazioni di somma e differenza.
182	"Cosa intendeva James Moor per ""policy vacuum""?"	ETH	STUD	Risposta0	I computer ci forniscono nuove funzionalità e queste ci pongono di fronte a nuove scelte. Spesso in queste situazioni non esistono linee guida o quelle esistenti risultano inadeguate.	"La nostra conoscenza delle problematiche legate ad un problema è limitata, quindi questo ci pone davanti ad un ""policy vacuum"" sulle conseguenze delle scelte legate alla tecnologia."	La politica non ha gli strumenti per poter regolamentare correttamente le nuove tecnologie, questo crea un vuoto normativo.	"Nel progettare nuovo software occorre definire bene le regole di funzionamento poiché potrebbe andare a crearsi un fenomeno di ""policy vacuum"", cioè una mancata gestione software di un problema reale."
183	Quale di questi NON è uno strumento per la governance di Internet?	ETH	STUD	Risposta0	accesso alla rete	educazione	leggi	architettura tecnologica
184	"Cosa sono le applicazioni ""ubicomp""?"	ETH	STUD	Risposta0	Sono applicazioni integrate nell'ambiente circostante che permettono di migliorare le nostre vite, sono in grado di riconoscerci e di reagire alle nostre azioni. Potrebbero però potenzialmente essere pericolose e limitanti della libertà dell'individuo se usate male.	Sono applicazioni che servono a controllare i comportamenti della popolazione e potrebbero condurci verso un futuro distopico.	"Sono applicazioni integrate per le quali il computer come oggetto fisico scompare (""disappearing computer"")."	Sono applicazioni ideate per aumentare l'efficacia dei sistemi di sorveglianza e dai quali non è possibile fare opt-out.
185	Cosa si intende per ricerca e innovazione responsabile?	ETH	STUD	Risposta0	è un processo dove gli attori sociali e gli innovatori diventano mutualmente responsabili uno verso l'altro con una visione sulla desiderabilità sociale, sostenibilità ambientale e accettabilità etica del processo di innovazione e dei suoi prodotti per il mercato.	sono i principi secondo i quali un ricercatore/azienda è direttamente responsabile delle innovazioni/dei prodotti che immette sul mercato.	sono delle linee guida da seguire nella creazione di tecnologie e prodotti innovativi, nate per ridurre il cattivo impatto sociale, ambientale etico ecc... di un prodotto sul mercato.	sono policy di risk assesment che vengono fatte in fase di creazione di un prodotto/tecnologia, per evitare di immettere sul mercato un prodotto potenzialmente pericoloso per la società.
186	Cos'è il principio di precauzione?	ETH	STUD	Risposta0	Un principio che viene usato quando si devono prendere delle decisioni pubbliche che hanno un impatto sociale ed ambientale controverso. Una parte importante di questo principio impone che la dimostrazione della non-pericolosità dell'azione proposta, spetti ai promotori.	Un principio che viene usato quando si devono prendere delle decisioni pubbliche che hanno un impatto sociale ed ambientale controverso. Una parte importante di questo principio impone che la dimostrazione della pericolosità dell'azione proposta, spetti agli oppositori.	Un principio che viene usato quando si devono prendere delle decisioni pubbliche che hanno un impatto sociale ed ambientale controverso. Una parte importante di questo principio impone che non vi siano alternative possibili a quella proposta.	Un principio che viene usato quando si devono prendere delle decisioni pubbliche che hanno un impatto sociale ed ambientale controverso. Una parte importante di questo principio impone che i benefici della proposta siano maggiori dei rischi fatti notare dagli oppositori.
187	"Quale di queste NON è una dimensione della discussione sulla ""Computer Ethics""?"	ETH	STUD	Risposta0	Economy	Architecture	Education	Law
188	"Quale di queste non è una fase della ""Stakeholders Network""?"	ETH	STUD	Risposta0	Calcolo del peso degli attori nella network	Descrizione dello scenario	Definizione delle questioni etiche	Scenari alternativi
189	Cosa affermava Spinoza?	ETH	STUD	Risposta0	Non esistono norme universali. Esistono molti punti di vista diversi a seconda delle culture, delle religioni, dell'educazione dei sistemi sociali, dei momenti storici, etc.	"La dignità della persona dovrebbe essere rispettata sempre. Sottolinea anche il carattere intrinseco di una azione (a prescindere dalla motivazioni o dalle conseguenze): una azione è giusta o sbagliata ""in sè""."	"Una azione è giusta o sbagliata a seconda delle conseguenze e degli effetti sulla società. Quindi ognuno dovrebbe agire in modo tale da ""massimizzare la felicità"" per il maggior numero di persone."	Ogni azione può avere effetti non prevedibili perché la società è un sistema complesso. Un solo individuo non può effettuare scelte importanti in autonomia, ma dovrebbe sempre farle in contesto sociale.
190	"Quale di questi NON è un paradigma di ""governance"" delle tecnologie dell'informazione definito dal progetto EGAIS?"	ETH	STUD	Risposta0	Monocratic	Technocratic	Ethocratic	Epistocratic
191	Il Web 3.0 è:	ETH	STUD	Risposta0	Knowledge Connectivity	People Connectivity	Knowledge Networks	Read-Only
192	Il Bilancio:	ECO	GitHub	Risposta3	è un documento pubblico, che contiene i dettagli dei ricavi di un'azienda.	è un documento interno che serve a capire se un'azienda è in perdita o in guadagno.	è un documento interno di un'azienda che registra i ricavi delle vendite.	è un documento pubblico che raccoglie le informazioni relative alla ricchezza, ai costi, ai ricavi.
193	Qual è lo scopo dei concetti cardine del software libero	SOC	GitHub	Risposta1	Creare un'organizzazione per l'implementazione di servizi Caveat	Favorire l'enforcement dei principi a tutti i livelli dell'arcobaleno.	Sviluppare un'infrastruttura per il controllo dei livelli di accesso al software.	 Imporre restrizioni sulla condivisione e l'utilizzo del software.
194	Chi detiene il diritto di imporre una licenza sul software?	LEG	GitHub	Risposta3	Gli utenti finali del software.	 I produttori e sviluppatori del software.	L'organizzazione per la creazione di servizi Caveat.	L'autore del software e detentore del copyright
195	Qual è uno degli obiettivi della strategia del software proprietario	SOC	GitHub	Risposta2	Consentire la condivisione libera dei dati tra software diversi	Favorire l'interoperabilità tra software e servizi diversi	"Impedire usi ""non corretti"" del software e dei dati."	Garantire la fruibilità dei dati esistenti con altri software
196	Cosa rappresenta la GNU General Public License (GPL)?	LEG	GitHub	Risposta2	Una licenza imposta da chi detiene il copyright.	Una licenza che consente l'utilizzo del software per qualsiasi scopo	Una licenza che promuove la condivisione delle modifiche apportate al software.	Una licenza che vincola gli utenti a utilizzare un determinato prodotto software.
197	Quali sono le libertà garantite dalla GPL?	LEG	GitHub	Risposta2	Libertà di utilizzare il software solo per scopi specifici	Libertà di condividere solo le modifiche apportate al software	Libertà di utilizzare, modificare, condividere e condividere le modifiche apportate al software.	Libertà di utilizzare il software solo se si è l'autore del software
198	A quale livello dell'arcobaleno viene associato l'accesso a strumenti disponibili a tutti gratuitamente?	SOC	GitHub	Risposta1	Livello 0: The Net.	Livello 1: Accesso	Livello 2 educazione	Livello 3 e services
199	Cosa permette di garantire la veridicità delle consultazioni digitali secondo il testo?	SOC	GitHub	Risposta3	L’utilizzo del software proprietario	l’implementazione di formati standard	La presenza di funzionalità nascoste nel software	l’utilizzo di software libero
200	Quale è l’obiettivo principale di un qualsiasi soggetto economico?	ECO	GitHub	Risposta0	Soddisfare i propri bisogni (limitando al massimo lo spreco di risorse)	Soddisfare i propri bisogni (massimizzando la produzione di beni e servizi)	Garantire l’equità nella distribuzione delle risorse	Stabilire relazioni sociali e politiche
201	Quali fattori influenzano le relazioni economiche nel sistema economico?	ECO	GitHub	Risposta0	Le istituzioni politiche e sociali, le tecnologie disponibili e la cultura del popolo	La disponibilità di risorse naturali e il tasso di crescita demografica	l’andamento del mercato azionario e le politiche fiscali del governo	Le condizioni metereologiche e l’accesso ai servizi sanitari di qualità
202	Cosa rende possibile soddisfare il maggior numero di bisogni nel sistema economico?	ECO	GitHub	Risposta1	La produzione di beni e servizi all’inteno del nucleo familiare	Lo scambio di beni e servizi con altri soggetti economici	l’utilizzo efficiente delle risorse scarse	La limitazione dei bisogni individuali
203	Come può essere definito un sistema economico?	ECO	GitHub	Risposta2	l’insieme delle istituzioni politiche e sociali di un paese	l’organizzazione delle relazioni economiche influenzate dalla cultura di un popolo	l’insieme delle relazioni di scambio fra attori che compiono scelte autonome nella destinazione delle risorse	l’interazione tra consumatori , imprese e enti pubblici nello svolgimento di attività economiche
204	Cosa definisce il concetto di libero mercato	ECO	GitHub	Risposta1	La presenza di restrizioni governative sullo scambio di beni e servizi	La possibilità di scambiare senza costi aggiuntivi o restrizioni artificiose	l’esistenza di una unica impresa che controlla l’intera offerta di merci	La presenza di informazioni affidabili e omogenee
205	Qual è il problema fondamentale che il sistema economico cerca di risolvere?	ECO	GitHub	Risposta0	Il contrasto fra bisogni illimitati e le scarse risorse.	La divisione del lavoro e l'aumento del benessere collettivo.	La massimizzazione del profitto come obiettivo principale.	La riduzione dei prezzi per i consumatori.
206	Quali attori economici compongono il sistema economico?	ECO	GitHub	Risposta0	Consumatori, enti pubblici e imprese.	Produttori, famiglie e organizzazioni sociali.	Lavoratori, fornitori e investitori.	Lavoratori, imprese e classe politica.
207	Quali sono le due categorie di scelte di destinazione delle risorse nel sistema economico?	ECO	GitHub	Risposta2	Scelte di consumo e scelte di risparmio.	Scelte di produzione e scelte di innovazione.	Scelte di consumo e scelte di produzione.	Scelte di consumo e scelte di innovazione.
208	Cosa favorisce la divisione del lavoro nel libero mercato?	ECO	GitHub	Risposta2	L'aumento del costo relativo delle merci.	La riduzione della disponibilità di merci.	L'aumento della disponibilità di merci.	
209	Quali variabili influenzano la domanda di mercato?	ECO	GitHub	Risposta1	Prezzo, reddito dei consumatori e gusto dei produttori.	Prezzo, reddito dei consumatori e distribuzione del reddito.	Prezzo, popolazione complessiva e politica governativa.	Prezzo, popolazione complessiva e gusto dei produttori.
210	Cosa caratterizza la concorrenza perfetta?	ECO	GitHub	Risposta1	Esistenza di un unico produttore nel mercato.	Assenza di barriere all'entrata e uscita delle imprese.	Informazioni rilevanti non accessibili.	un unico produttore che decide il prezzo del bene
211	Cosa indica la presenza di un monopolio?	ECO	GitHub	Risposta1	Presenza di molte imprese che offrono prodotti differenziati.	Presenza di un unico produttore che controlla l'intera offerta.	L'unico produttore che detiene il controllo sul prezzo	
212	Quali sono le caratteristiche dell'oligopolio?	ECO	GitHub	Risposta0	Poche imprese che producono un prodotto,ostacoli che rendono impossibile l'entrata di competitori	Molte imprese che producono un prodotto,ostacoli che rendono impossibile l'entrata di competitori	Presenza di un unico produttore che controlla l'intera offerta	Limitazione della libertà di scelta dei consumatori.
213	Cosa determina il prezzo nel caso di monopolio?	ECO	GitHub	Risposta2	La concorrenza tra molti produttori.	Le leggi dello Stato che impongono il prezzo.	L'unico produttore che detiene il controllo sul prezzo.	
214	Qual è il modello di mercato più diffuso?	ECO	GitHub	Risposta1	Monopolio	Concorrenza monopolistica/imperfetta	Concorrenza perfetta	Oligopolio
215	Come varia la domanda per merci normali?	ECO	GitHub	Risposta0	La domanda varia nella stessa direzione del reddito	La domanda varia nella direzione opposta del reddito.	La domanda varia in base all'età della persona.	La domanda varia in base al clima.
216	Cosa dice il criterio della sostituibilità	ECO	GitHub	Risposta0	Esistenza e omogeneità qualitativa dei prodotti succedanei	Il criterio della sostituibilità dice che non esistono prodotti sostitutivi per un determinato bene.	Il criterio della sostituibilità si riferisce alla disponibilità di prodotti simili sul mercato.	Il criterio della sostituibilità si riferisce alla facilità con cui i prodotti possono essere sostituiti da altri.
217	Quali sono le cinque forze competitive di porter?	ECO	GitHub	Risposta0	Potenziali entranti, fornitori, competitori nel settore, clienti, potenziali sostituti	forze entranti, fornitori, competitori nel settore, clienti, produttori.	domanda, offerta, prezzo, marketing, distribuzione.	innovazione, qualità, branding, segmentazione di mercato, prezzi competitivi.
218	Cosa sono le economie di scala?	ECO	GitHub	Risposta1	Le economie di scala si riferiscono alla variazione delle quantità prodotte in funzione dei soldi investiti. 	Le economie di scala si riferiscono alla riduzione dei costi medi unitari di produzione al crescere della quantità prodotta.	Le economie di scala si riferiscono all'aumento dei costi medi unitari di produzione al crescere della quantità prodotta.	Le economie di scala si riferiscono alla variazione dei costi di produzione in base al reddito dei consumatori.
219	A che cosa mira un governo “open”?	SOC	GitHub	Risposta0	Un governo open dovrebbe dare valore al cittadino come componente fondamentale del progetto e farlo sentire parte di esso	"Un governo ""open"" mira a limitare la partecipazione dei cittadini nelle decisioni politiche."	"Un governo ""open"" mira a mantenere segrete le informazioni governative."	"Un governo ""open"" mira a favorire l'opacità e la mancanza di trasparenza nelle attività governative"
220	Che cosa è il LiquidFeedback?	SOC	GitHub	Risposta0	è un software studiato per raccogliere opinioni condivise all'interno di una comunità,	è un sistema di voto elettronico utilizzato per le elezioni politiche.	è un social network dedicato agli appassionati di politica.	è un software utilizzato per la gestione delle risorse umane nelle aziende.
221	Livello 7 dell’arcobaleno	SOC	GitHub	Risposta0	Coinvolgimento attivo	Ascolto e consultazione	Poter informare e commentare	Usufruire di servizi online 
222	Livello 6 dell’arcobaleno	SOC	GitHub	Risposta0	Ascolto e consultazione	Diritto alla trasparenza (essere informati)	Poter informare e commentare	Diritto al coinvolgimento attivo nelle scelte e nelle politiche
223	Livello 5 dell’arcobaleno	SOC	GitHub	Risposta0	Poter informare e commentare	Coinvolgimento attivo	Ascolto e consultazione	trasparenza
224	Quali sono le caratteristiche di un dibattito informativo e produttivo?	SOC	GitHub	Risposta0	Interattivo, razionale, responsabile, efficace, corretto	Passivo, emotivo, irresponsabile, inefficace, sbagliato	Non interattivo, irrazionale, non responsabile, inutile, errato	Stagnante, non informativo, non produttivo, disorganizzato, fuorviante
225	Quali di queste affermazioni è vera?	SOC	GitHub	Risposta0	La crescita della scolarità e lo sviluppo dei mass media rende i cittadini più colti e consapevoli	La crescita della scolarità e lo sviluppo dei mass media rende i cittadini meno colti e consapevoli	La crescita della scolarità e lo sviluppo dei mass media non ha alcun effetto sulla cultura e sulla consapevolezza dei cittadini	La crescita della scolarità e lo sviluppo dei mass media rende i cittadini meno colti ma più consapevoli
226	Quali sono forme di democrazia ?	SOC	GitHub	Risposta0	Diretta, rappresentativa, deliberativa	Indiretta, repressiva, autoritaria	Segreta, manipolativa, corrotta	Coercitiva, elitaria, limitata
227	Quali sono “attacchi” dei governi alle libertà digitali?	SOC	GitHub	Risposta0	ACTA, SOPA, PIPA, HADOPI	Libertà, equità, trasparenza, democrazia	Apertura, condivisione, collaborazione, partecipazione	Protezione, sicurezza, responsabilità, legalità
228	Quali sono buoni strumenti di difesa per gli attacchi alle libertà digitali?	SOC	GitHub	Risposta0	DRM UEFI, stenografia, crittografia, tor, moneta digitale	Password deboli, condivisione indiscriminata dei dati, navigazione non sicura	Monitoraggio continuo, divulgazione totale delle informazioni personali, connessioni non crittografate	Assenza di protezione, anonimato totale, divulgazione di informazioni sensibili
229	Quale è la giusta sequenza dei livelli di libertà arcobaleno?	SOC	GitHub	Risposta0	The net, access, education, e-services, transparency, inform, consultation, active participation	The net, access, e-services, inform, transparency, consultation, education, active participation	The net, access, consultation, transparency, e-services, education, inform, active participation	The net, access, education, e-services, transparency, inform, consultation, passive participation
230	Quali delle seguenti affermazioni è veritiera riguardo alla rete?	SOC	GitHub	Risposta0	Lo stato della rete non è conoscibile nella sua interezza	Lo stato della rete è completamente conoscibile e tracciabile in ogni sua parte	La rete è completamente priva di rischi e vulnerabilità	Lo stato della rete è conoscibile nella sua interezza solo da entità governative
231	Quali sono i livelli della cittadinanza digitale?	SOC	GitHub	Risposta0	Informazione, ascolto, coinvolgimento	Ignoranza, indifferenza, apatia	Manipolazione, disinformazione, propaganda	Disconnessione, isolamento, ostracismo
232	Quali sono le tipologie di servizi che sono interessate dal principio generale di esclusione di responsabilità?	LEG	GitHub	Risposta0	Semplice trasporto, memorizzazione temporanea, hosting	Controllo totale, sorveglianza invasiva, censura selettiva	Manipolazione dei contenuti, divulgazione indiscriminata, diffamazione	Semplice trasporto, memorizzazione permanente
233	In quale normativa è previsto il principio di assenza dell’obbligo di sorveglianza?	LEG	GitHub	Risposta0	Direttiva 31/2000/CE	Regolamento 42/2005/CE	Direttiva 12/2010/CE	Legge 88/2018
234	A quali principi deve ispirare un fatto di cronaca affinché non passi il limite di dovere di informazione?	LEG	GitHub	Risposta0	Veridicità della notizia, esistenza di un interesse pubblico, correttezza formale	Sensazionalismo della notizia	Pubblicazione anonima dei fatti	Correttezza delle opinioni personali
235	Che reato introduce la sentenza 17/novembre 2000 n.4741	LEG	GitHub	Risposta0	La diffamazione per mezzo internet	Diffamazione aggravata	Furto qualificato	Appropriazione indebita
236	La diffamazione in quale comma è prevista?	LEG	GitHub	Risposta0	2° comma articolo 595	1° comma articolo 595	3° comma articolo 595	2° comma articolo 596
237	Un blog è :	SOC	GitHub	Risposta0	Un sito internet generalmente gestito da una persona che pubblica periodicamente i propri pensieri	Un tipo di software per la gestione di database	Un social network specializzato per professionisti	Un servizio di posta elettronica avanzato
238	Quali sono le diverse forme di comunicazione in internet?	SOC	GitHub	Risposta0	Blog, social-network, piattaforme di microblogging, forum e messageboard	Podcast, e-commerce, chat room, streaming video	Email, giochi online, download di software, e-learning	Newsgroup, messaggistica istantanea, browser, motori di ricerca
239	Quale articolo prevede il reato di ingiuria?	LEG	GitHub	Risposta0	594	495	954	945
240	Diritto di necessità del trattamento dei dati si ritrova nell’articolo:	LEG	GitHub	Risposta0	3	2	14	4
241	Qale articolo prevede l’obbligo di informativa?	LEG	GitHub	Risposta0	13	594	34	34-35
242	Quali articoli riguardano le misure minime di sicurezza informatica?	LEG	GitHub	Risposta0	34,35	43,34	35,36	3,4
243	Il concetto di buon costume si ritrova nell’articolo:	LEG	GitHub	Risposta0	21	12	23	31
244	Quali possono essere credenziali per l’autenticazione?	SOC	GitHub	Risposta0	Tutte e tre	Id e password	Dispositivo per l’autenticazione	Dati biometrici
245	Quali sono le tecniche per bloccare l’accesso a siti?	SOC	GitHub	Risposta0	Ip blocking, dns tampering, proxy	Firewall	Antivirus	Criptografia
246	Quando si delinea il concetto di società dell’informazione?	SOC	GitHub	Risposta0	Tra gli anni 60 e 70	Nel XIX secolo	Negli anni '80	Nel XV secolo
247	Come possono essere classificati i sistemi di sorveglianza?	SOC	GitHub	Risposta0	Sistemi di prevenzione/ sistemi di repressione	Sistemi di riconoscimento facciale	Sistemi di analisi dei dati	Sistemi di allarme antincendio
248	Come deve essere il consenso per il trattamento dei dati personali?	LEG	GitHub	Risposta0	Espresso, libero ,specifico, consapevole	Implicito	Coercitivo	Generale
249	Cosa stabilisce il principio di necessità?	LEG	GitHub	Risposta0	È consentito il trattamento dei dati personali che possono considerarsi effettivamente necessari	È vietato il trattamento dei dati personali	È obbligatorio il trattamento di tutti i dati personali	È consentito il trattamento dei dati personali senza limitazioni
250	Differenza tra onore e reputazione?	LEG	GitHub	Risposta0	l’onore consiste nel sentimento che un soggetto ha di se stesso, la reputazione invece riguarda il giudizio della collettività	L'onore riguarda il giudizio della collettività, la reputazione riguarda il sentimento che un soggetto ha di se stesso	L'onore riguarda la responsabilità legale, la reputazione riguarda l'aspetto finanziario	L'onore riguarda la privacy, la reputazione riguarda la sicurezza informatica
251	Di quali parti è composto l’articolo 30/06/2003 196?	LEG	GitHub	Risposta0	Parte1: disposizioni generali, parte2: specifiche tipologie di trattamento, parte3: tutela dell’interessato	Parte1: diritti fondamentali, parte2: regolamentazione delle sanzioni, parte3: obblighi degli operatori	Parte1: principi generali, parte2: diritti dell'interessato, parte3: responsabilità del titolare del trattamento	Parte1: norme procedurali, parte2: disposizioni transitorie, parte3: esenzioni
252	Cosa stabilisce il principio di pertinenza e non eccedenza?	LEG	GitHub	Risposta0	Sono considerate legittime le sole operazioni di trattamento effettivamente necessarie alle finalità perseguite	Sono considerate legittime le operazioni di trattamento che eccedono le finalità perseguite	Sono considerate legittime le operazioni di trattamento non pertinenti alle finalità perseguite	Il principio non esiste, è un'invenzione
253	Quali opportunità si aprono nell’era post Turing?	SOC	GitHub	Risposta0	E-accessibility, socio-cultural e-inclusion, geopolitical e-inclusion, aging, e-competences, inclusive e-government	Intelligenza artificiale generale	Esplorazione spaziale avanzata	Teletrasporto
254	A che anno risalgono i primi 4 nodi dell’internet?	SOC	GitHub	Risposta0	1969	1696	1999	1996
255	Secondo Moor, qual è uno dei segni dei problemi fondamentali all'interno della Computer Ethics?	ETH	GitHub	Risposta1	Trasformazioni delle attività umane	Vuoti normativi e concettuali	Evoluzione tecnologica	Competenze tecnico-scientifiche
256	Secondo Maner, qual è uno dei motivi per cui la Computer Ethics è necessaria?	ETH	GitHub	Risposta1	Per diventare professionisti responsabili	Per evitare l'abuso dei computer	Per espandere la filosofia alla modernità	Per creare un campo di studi indipendente
257	Secondo Maner, qual è una peculiarità dei computer?	ETH	GitHub	Risposta1	Memorizzazione infinita delle informazioni	Universali in termini di adattabilità	Assenza di bachi nel software	Controllo diretto sulle transazioni finanziarie
258	"Secondo Maner, qual è uno degli effetti introdotti dalla possibilità di ""exact copy"" dei computer?"	ETH	GitHub	Risposta0	Impossibilità di definire e proteggere il possesso delle informazioni	Maggior controllo sulla complessità delle macchine	Diminuzione del prezzo delle operazioni informatiche	Creazione di una nuova generazione di computer
259	Secondo Gotterbarn, qual è uno dei problemi riguardanti i professionisti dell'informatica?	ETH	GitHub	Risposta0	Mancanza di sviluppo del concetto di responsabilità	Concentrazione sull'attenzione alla tecnologia	Errori introdotti dai programmatori	Riconoscimento dell'informatica come professione
260	Secondo Moor, perché la Computer Ethics è considerata un campo di importanza pratica?	ETH	GitHub	Risposta1	A causa della trasformazione delle attività umane	A causa dei vuoti normativi e concettuali	A causa dell'evoluzione tecnologica	A causa delle competenze tecnico-scientifiche
261	Secondo Maner, qual è una delle caratteristiche uniche dei computer menzionate nel testo?	ETH	GitHub	Risposta1	Memorizzazione infinita delle informazioni	Adattabilità universale	Complessità inaccessibile agli esseri umani	Controllo diretto sulle transazioni finanziarie
262	Secondo Maner, quale delle seguenti affermazioni è vera riguardo alla velocità dei computer?	ETH	GitHub	Risposta1	La velocità dei computer non influisce sul controllo delle transazioni finanziarie	La velocità dei computer può superare le capacità umane di controllo	La velocità dei computer rimane costante nel tempo	La velocità dei computer non ha impatto sulla responsabilità dei professionisti
263	Secondo Gotterbarn, quale dei seguenti è un problema riguardante i professionisti dell'informatica?	ETH	GitHub	Risposta0	Mancanza di sviluppo del concetto di responsabilità	Concentrazione sull'attenzione alla tecnologia	Errori introdotti dai programmatori	Riconoscimento dell'informatica come professione
264	Chi ha pubblicato nell ’85 il gnu manifesto?	SOC	GitHub	Risposta0	Richard Stallman	Bill Gates	Linus torvalds	John von Neumann
265	A quali livelli si può discutere un dilemma etico?	ETH	GitHub	Risposta0	Brain-storming, soft laws, hard laws	Negoziazione, punizioni, elusione	Intuizione personale, conformismo, dittatura	Ignorare, evitare, rimandare
266	Cosa si stabilisce durante la fase di Definizione di un progetto?	ETH	GitHub	Risposta0	Obiettivi del progetto e strategia per la sua realizzazione	Stima dei costi e creazione del project network	Selezione del progetto migliore tra diverse alternative	Consegna del prodotto o servizio finale
267	Cosa include la fase di Pianificazione di un progetto?	ECO	GitHub	Risposta0	Vengono definite le risorse umane tempi e finanziamenti necessari oltre alla work breakdown structure	Analisi preliminare di fattibilità e definizione delle specifiche di progetto	Valutazione dei rischi e attribuzione delle responsabilità e la work breakdown structure	Monitoraggio dei progressi del progetto e controllo di qualità
268	Qual è lo scopo della Work Breakdown Structure (WBS)?	ECO	GitHub	Risposta2	Rappresentare il piano temporale e l'allocazione delle risorse del progetto	Fornire una descrizione qualitativa degli obiettivi del progetto	Decomporre gerarchicamente le operazioni del progetto e facilitare la gestione	Definire le specifiche di progetto e le interfacce con altri sistemi
269	I documenti machine readable sono a livello di disponibilità dei dati:	SOC	GitHub	Risposta1	 1 stella	 2 stelle	3 stelle	4 stelle
270	I documenti non-proprietary format sono a livello di disponibilità dei dati:	SOC	GitHub	Risposta1	1 stella	 3 stelle	 4 stelle	 5 stelle
271	I documenti RDF standard sono a livello di disponibilità dei dati:	SOC	GitHub	Risposta2	 1 stella	 3 stelle	 4 stelle	 5 stelle
272	I documenti linked data sono a livello di disponibilità dei dati:	SOC	GitHub	Risposta3	 1 stella	 3 stelle	 4 stelle	 5 stelle
273	in che anno il filosofo Hans Jonas intravede nuove responsabilità per l'umanità di fronte alle future generazioni?	ETH	GitHub	Risposta0	1979	1987	1978	1997
274	"in che anno viene utilizzato per la volta il termine ""computer Ethics""?"	ETH	GitHub	Risposta0	1978	1987	1979	1997
275	da chi furono introdotte le 3 leggi morali della società dell'informazione?	ETH	GitHub	Risposta0	1976 Joseph Weizenbaum	1978 Walter Maner	1976 Richard Stallman	1978 Hans Jonas
276	cosa dice la prima legge morale della Società Dell Informazione?	ETH	GitHub	Risposta0	le funzioni umane che richiedono giudizio, rispetto, comprensione, cura ed amore non dovrebbero essere sostituite da computer	Le funzioni umane che richiedono giudizio, rispetto, comprensione, cura ed amore dovrebbero essere sostituite da computer	La prima legge morale della Società Dell'Informazione non si preoccupa delle funzioni umane che richiedono giudizio	La prima legge morale della Società Dell'Informazione promuove l'automazione completa delle funzioni umane che richiedono giudizio
277	cosa dice la terza legge morale della Società dell'informazione?	ETH	GitHub	Risposta0	l'informatica è una questione di scelte e responsabilità umane	L'accesso libero e senza restrizioni a Internet è un diritto fondamentale per tutti	"Tutti i dati personali devono essere pubblicamente disponibili"""	L'intelligenza artificiale deve essere l'unica guida per le decisioni etiche
278	quando e da chi è stato progettato il primo microprocessore a 4 bit?	SOC	GitHub	Risposta0	1971 Federico Faggin	1960 da Alan Turing	1999 da Bill Gates	1985 da Steve Jobs
279	chi è stato il primo a ideare il computer come Macchina Universale e programmabile?	SOC	GitHub	Risposta0	Alan Turing	John Von Neumann	Federico Faggin	Joseph Weizenbaum
280	quali sono i passi essenziali nella fase di esecuzione?	ECO	GitHub	Risposta0	Reporting, Modifica di specifiche, Controllo di qualità	Analisi dei requisiti, Modifica di specifiche, Controllo di qualità	Reporting, Progettazione Interfaccia utente, Controllo di qualità	Reporting, Modifica di specifiche, Gestione del progetto
281	che cosa è previsto nella fase di pianificazione?	ECO	GitHub	Risposta0	l'assegnazione delle responsabilità secondo matrice debole, matrice forte, task force	Determinare i requisiti finanziari	Progettare l'interfaccia utente	Definire i dettagli delle risorse hardware secondo matrice debole, matrice forte, task force
282	che cosa indica il valore attuale?	ECO	GitHub	Risposta0	indica a quanto rinunceremmo oggi per ottenere una certa somma domani	Indica la somma totale di denaro che una persona possiede attualmente	Indica il valore di un oggetto o di un bene nel futuro	Indica la valutazione di un'azienda in base alle sue attività attuali
283	come si suddividono i tipi di attività primarie?	ECO	GitHub	Risposta0	attività dirette, attività indirette, assicurazione della qualità	Attività di tipo A, Attività di tipo B, Attività di tipo C	Attività principali, Attività secondarie, Attività accessorie	Attività tecniche, Attività amministrative, Attività commerciali
284	nell'ambito di una decisione aziendale come si dividono i costi?	ECO	GitHub	Risposta0	costi evitabili e costi non evitabili	In base al colore delle pareti dell'ufficio	Secondo l'ordine alfabetico dei nomi dei dipendenti	costi fissi e costi variabili
285	I diritti della cittadinanza digitale	SOC	GitHub	Risposta0	sono articolati in tutela e opportunità	Sono limitati solo ai cittadini di determinato rango sociale	Non hanno alcuna relazione con la protezione dei dati personali	Si applicano solo ai minori di età
286	L'elasticità incrociata di  QUANTITA' misura:	ECO	GitHub	Risposta0	Indica quanto i prezzi dell'impresa j sono influenzati dalla variazione di quantità dell'azienda i	Indica quanto i prezzi dell'impresa i sono influenzati dalla variazione di quantità dell'azienda j	Misura l'effetto del prezzo dell'impresa i sulla quantità dell'impresa j.	Misura l'elasticità dei prezzi in base alla variazione di quantità di un bene generico.
287	Cosa indica il criterio di entrata di Bain?	ECO	GitHub	Risposta0	indica di quanto i venditori gi`a sul mercato possano alzare il prezzo al di sopra del prezzo di concorrenza pura senza provocare l’ingresso di nuovi concorrenti	Indica il numero di venditori già presenti sul mercato.	Indica quanto i prezzi dell'impresa j sono influenzati dalla variazione di quantità dell'azienda i	Indica la possibilità per i venditori di abbassare i prezzi al di sotto del prezzo di concorrenza pura per attrarre più clienti
288	Che cosa riporta la Nota integrativa?	ECO	GitHub	Risposta0	riporta commenti e notizie riguardo le singole voci dei prospetti di bilancio	La Nota integrativa riporta solo informazioni sulla struttura organizzativa dell'azienda	riporta solo informazioni dettagliate sulle politiche di marketing dell'azienda.	La Nota integrativa riporta solo informazioni di carattere generale sulle attività dell'azienda.
289	cosa contiene la relazione sulla gestione?	ECO	GitHub	Risposta3	Contiene informazioni sulle previsioni finanziarie per l'anno in corso.	Contiene una dettagliata descrizione delle tradizioni natalizie in diversi paesi.	riporta commenti e notizie riguardo le singole voci dei prospetti di bilancio	contiene notizie riguardanti la gestione dell’esercizio e proiezioni sull’esercizio futuro
290	Come vengono classificati i criteri di valutazione degli investimenti?	ECO	GitHub	Risposta0	DCF(NPV(net present value),PI(profitability index),IRR(internal rate of return)), non DCF(PB(payback), ROI(return of interest))	DCF(PB(payback), ROI(return of interest)), non DCF(NPV(net present value),PI(profitability index),IRR(internal rate of return))	DCF(NPV(net present value),PI(profitability index), ROI(return of interest)), non DCF(PB(payback),IRR(internal rate of return))	DCF(PB(payback),PI(profitability index),IRR(internal rate of return)), non DCF(NPV(net present value), ROI(return of interest))
291	quali possono essere considerati i padri fondatori dell'informatica?	SOC	GitHub	Risposta0	Turing, Von Neumann, Wiener e Shannon.	Charles Babbage, Von Neumann, Wiener e Shannon.	Turing, Bill Gates, Wiener e Shannon.	Turing, Von Neumann, Wiener e Jacopini.
292	quali sono caratteristiche di un progetto?	ECO	GitHub	Risposta0	- Obbiettivo - Unicità - Temporaneità - Incertezza - Risorse limitate - Multidisciplinarità	- Obbiettivo - Unicità - Temporaneità - Incertezza - Risorse illimitate - Multidisciplinarità	- Obbiettivo - Unicità - Temporaneità - Sicurezza - Risorse limitate - Multidisciplinarità	- Obbiettivo - Unicità - Temporaneità - Incertezza - Risorse limitate - Disciplina
293	come si valuta il ROI di un investimento?	ECO	GitHub	Risposta0	MOL / investimento iniziale	MOL / IRR	MOL / NVP	ValoreAttuale / investimento iniziale
294	come si analizza il NPV di un investimento?	ECO	GitHub	Risposta3	= 0 -> investimento rende il tasso barriera, > 0 -> investimento rende piu del tasso barriera, < 0 -> investimento rende più del tasso barriera	= 0 -> investimento non rende, > 0 -> investimento rende piu del tasso barriera, < 0 -> investimento rende meno del tasso barriera	= 0 -> investimento rende il tasso barriera, > 0 -> investimento rende meno del tasso barriera, < 0 -> investimento rende più del tasso barriera	= 0 -> investimento rende il tasso barriera, > 0 -> investimento rende piu del tasso barriera, < 0 -> investimento rende meno del tasso barriera
295	Quale di queste elencate NON è un fattore cost driver?	ECO	Discord	Risposta0	capacità di planning	politiche e fattori istituzionali	strutture di utilizzo della capacità produttiva nel tempo	timing (per es. capacità di entrare per primi in un mercato)
296	Quale di queste NON è una caratteristica di un progetto?	ECO	Discord	Risposta0	Efficientamento	Temporaneità	Incertezza	Risorse Limitate
297	Secondo Maner, quale di queste NON è una ragione per cui la Computer Ethics è necessaria?	ETH	GitHub	Risposta0	Perché limita il profitto personale a favore del bene collettivo	Perché evita l'abuso dei computer e le catastrofi legate ad essi	Perché ci aiuta ad affrontare i nuovi scenari dell'informatica	Perché l'uso dei computer trasforma in continuazione alcune questioni etiche antiche
